tanggal,rr
12/27/2017,37.5
12/28/2017,21.2
12/29/2017,
12/30/2017,
12/31/2017,3.8
1/1/2018,
1/2/2018,8.6
1/3/2018,2.9
1/4/2018,100.1
1/5/2018,4.6
1/6/2018,1.2
1/7/2018,3.9
1/8/2018,3.2
1/9/2018,51.3
1/10/2018,19.7
1/11/2018,3.5
1/12/2018,29.5
1/13/2018,
1/14/2018,32.8
1/15/2018,0.9
1/16/2018,
1/17/2018,64.5
1/18/2018,1
1/19/2018,50.9
1/20/2018,5.7
1/21/2018,69.4
1/22/2018,21
1/23/2018,120.3
1/24/2018,
1/25/2018,37.6
1/26/2018,1.7
1/27/2018,13.8
1/28/2018,14.5
1/29/2018,37.4
1/30/2018,4
1/31/2018,1.3
2/1/2018,39.6
2/2/2018,
2/3/2018,24.6
2/4/2018,35.9
2/5/2018,9.6
2/6/2018,5
2/7/2018,
2/8/2018,16
2/9/2018,6.2
2/10/2018,
2/11/2018,
2/12/2018,111.8
2/13/2018,26.5
2/14/2018,5.5
2/15/2018,8.2
2/16/2018,29.8
2/17/2018,3
2/18/2018,
2/19/2018,0
2/20/2018,0
2/21/2018,0
2/22/2018,2.1
2/23/2018,35.3
2/24/2018,4.2
2/25/2018,1.7
2/26/2018,0
2/27/2018,5.9
2/28/2018,0
3/1/2018,0
3/2/2018,2.4
3/3/2018,0
3/4/2018,0
3/5/2018,
3/6/2018,28.1
3/7/2018,0
3/8/2018,86.6
3/9/2018,25
3/10/2018,0
3/11/2018,15.6
3/12/2018,32.8
3/13/2018,1
3/14/2018,0.9
3/15/2018,0
3/16/2018,0
3/17/2018,0
3/18/2018,14.1
3/19/2018,8.8
3/20/2018,0
3/21/2018,0
3/22/2018,1.4
3/23/2018,0
3/24/2018,4.7
3/25/2018,18.6
3/26/2018,10.8
3/27/2018,13.2
3/28/2018,0.3
3/29/2018,2.2
3/30/2018,0
3/31/2018,0
4/1/2018,0.5
4/2/2018,0
4/3/2018,51.4
4/4/2018,0
4/5/2018,0
4/6/2018,8
4/7/2018,38.1
4/8/2018,5.1
4/9/2018,0
4/10/2018,18.7
4/11/2018,18.4
4/12/2018,0
4/13/2018,0
4/14/2018,0
4/15/2018,0
4/16/2018,4.7
4/17/2018,
4/18/2018,23.6
4/19/2018,35.2
4/20/2018,34.6
4/21/2018,51
4/22/2018,15.6
4/23/2018,0
4/24/2018,1
4/25/2018,0
4/26/2018,0
4/27/2018,0
4/28/2018,0
4/29/2018,0
4/30/2018,0
5/1/2018,0
5/2/2018,0
5/3/2018,0
5/4/2018,0
5/5/2018,0
5/6/2018,0
5/7/2018,0
5/8/2018,0
5/9/2018,0
5/10/2018,0
5/11/2018,0
5/12/2018,0
5/13/2018,0
5/14/2018,0
5/15/2018,0
5/16/2018,4.2
5/17/2018,0
5/18/2018,3.4
5/19/2018,0
5/20/2018,0
5/21/2018,2.2
5/22/2018,4.4
5/23/2018,0
5/24/2018,0
5/25/2018,10
5/26/2018,4.8
5/27/2018,0
5/28/2018,0
5/29/2018,0
5/30/2018,0
5/31/2018,0
6/1/2018,0
6/2/2018,0
6/3/2018,0
6/4/2018,0
6/5/2018,0
6/6/2018,0
6/7/2018,0
6/8/2018,0
6/9/2018,0
6/10/2018,0
6/11/2018,0
6/12/2018,0
6/13/2018,2.4
6/14/2018,0
6/15/2018,0
6/16/2018,0
6/17/2018,0
6/18/2018,0
6/19/2018,0
6/20/2018,0
6/21/2018,18
6/22/2018,12.8
6/23/2018,0
6/24/2018,0
6/25/2018,1.3
6/26/2018,9.4
6/27/2018,0
6/28/2018,0
6/29/2018,0
6/30/2018,
7/1/2018,0
7/2/2018,0
7/3/2018,0
7/4/2018,0
7/5/2018,0
7/6/2018,0
7/7/2018,0
7/8/2018,0
7/9/2018,0
7/10/2018,0
7/11/2018,0
7/12/2018,0
7/13/2018,0
7/14/2018,0
7/15/2018,0
7/16/2018,0
7/17/2018,0
7/18/2018,0
7/19/2018,0
7/20/2018,0
7/21/2018,0
7/22/2018,0
7/23/2018,0
7/24/2018,0
7/25/2018,0
7/26/2018,0
7/27/2018,0
7/28/2018,0
7/29/2018,0
7/30/2018,0
7/31/2018,0
8/1/2018,0
8/2/2018,0
8/3/2018,1
8/4/2018,0
8/5/2018,0
8/6/2018,0
8/7/2018,0
8/8/2018,0
8/9/2018,0
8/10/2018,0
8/11/2018,0
8/12/2018,0
8/13/2018,0
8/14/2018,0
8/15/2018,0
8/16/2018,0
8/17/2018,0
8/18/2018,0
8/19/2018,0
8/20/2018,0
8/21/2018,0
8/22/2018,0
8/23/2018,0
8/24/2018,0
8/25/2018,0
8/26/2018,0
8/27/2018,0
8/28/2018,0
8/29/2018,0
8/30/2018,0
8/31/2018,2
9/1/2018,0
9/2/2018,
9/3/2018,
9/4/2018,0
9/5/2018,0
9/6/2018,0
9/7/2018,0
9/8/2018,1.6
9/9/2018,0
9/10/2018,0
9/11/2018,0
9/12/2018,0.9
9/13/2018,
9/14/2018,0
9/15/2018,0
9/16/2018,0
9/17/2018,0
9/18/2018,0
9/19/2018,0.2
9/20/2018,
9/21/2018,2.6
9/22/2018,0
9/23/2018,0
9/24/2018,0
9/25/2018,0
9/26/2018,0
9/27/2018,0
9/28/2018,0
9/29/2018,0
9/30/2018,0
10/1/2018,0
10/2/2018,3.4
10/3/2018,0
10/4/2018,0
10/5/2018,0
10/6/2018,0
10/7/2018,0
10/8/2018,0
10/9/2018,0
10/10/2018,0
10/11/2018,0
10/12/2018,0
10/13/2018,
10/14/2018,0
10/15/2018,0
10/16/2018,0
10/17/2018,
10/18/2018,0
10/19/2018,0
10/20/2018,0
10/21/2018,0
10/22/2018,0
10/23/2018,2.2
10/24/2018,0
10/25/2018,0
10/26/2018,0
10/27/2018,
10/28/2018,
10/29/2018,0
10/30/2018,0
10/31/2018,0
11/1/2018,0
11/2/2018,0
11/3/2018,0
11/4/2018,0.2
11/5/2018,0
11/6/2018,1.6
11/7/2018,9.3
11/8/2018,1
11/9/2018,66.8
11/10/2018,63.2
11/11/2018,46.4
11/12/2018,0
11/13/2018,2
11/14/2018,5
11/15/2018,34.6
11/16/2018,
11/17/2018,0
11/18/2018,0
11/19/2018,0
11/20/2018,0
11/21/2018,0
11/22/2018,20
11/23/2018,12
11/24/2018,0
11/25/2018,0
11/26/2018,1.5
11/27/2018,48.9
11/28/2018,106.4
11/29/2018,7.2
11/30/2018,8.6
12/1/2018,1
12/2/2018,0
12/3/2018,
12/4/2018,25.6
12/5/2018,91
12/6/2018,22.3
12/7/2018,17.3
12/8/2018,59.1
12/9/2018,0.3
12/10/2018,0
12/11/2018,15.4
12/12/2018,
12/13/2018,0
12/14/2018,0.3
12/15/2018,9.9
12/16/2018,8
12/17/2018,1
12/18/2018,0
12/19/2018,6.3
12/20/2018,0
12/21/2018,3.2
12/22/2018,1.5
12/23/2018,14
12/24/2018,8
12/25/2018,4
12/26/2018,15
12/27/2018,0
12/28/2018,0
12/29/2018,0
12/30/2018,
12/31/2018,15
1/1/2019,0
1/2/2019,3.6
1/3/2019,12.4
1/4/2019,22.4
1/5/2019,26.2
1/6/2019,8
1/7/2019,41.3
1/8/2019,4
1/9/2019,0
1/10/2019,13.2
1/11/2019,0
1/12/2019,0
1/13/2019,0
1/14/2019,16.6
1/15/2019,10.9
1/16/2019,19.8
1/17/2019,15.9
1/18/2019,18.1
1/19/2019,4.2
1/20/2019,2.8
1/21/2019,8.5
1/22/2019,12.6
1/23/2019,19.2
1/24/2019,4.9
1/25/2019,20.7
1/26/2019,28.7
1/27/2019,1.3
1/28/2019,10
1/29/2019,0
1/30/2019,35
1/31/2019,61.8
2/1/2019,0.4
2/2/2019,15.9
2/3/2019,0
2/4/2019,0
2/5/2019,30.7
2/6/2019,1
2/7/2019,6.4
2/8/2019,31.5
2/9/2019,2.9
2/10/2019,0
2/11/2019,10.5
2/12/2019,2.2
2/13/2019,0
2/14/2019,16.1
2/15/2019,1
2/16/2019,1.3
2/17/2019,28.1
2/18/2019,0
2/19/2019,6.5
2/20/2019,4
2/21/2019,25.6
2/22/2019,5.3
2/23/2019,0.3
2/24/2019,56.3
2/25/2019,25
2/26/2019,29.3
2/27/2019,11.6
2/28/2019,12.2
3/1/2019,9.2
3/2/2019,30.9
3/3/2019,28.3
3/4/2019,5
3/5/2019,0
3/6/2019,19.7
3/7/2019,41.5
3/8/2019,0.5
3/9/2019,0
3/10/2019,0
3/11/2019,3.5
3/12/2019,6.9
3/13/2019,2.4
3/14/2019,19.3
3/15/2019,4
3/16/2019,47
3/17/2019,16.5
3/18/2019,106.9
3/19/2019,0.7
3/20/2019,6.6
3/21/2019,
3/22/2019,30.7
3/23/2019,55.8
3/24/2019,33.9
3/25/2019,6.2
3/26/2019,0
3/27/2019,2.7
3/28/2019,1.2
3/29/2019,8.6
3/30/2019,0
3/31/2019,0
4/1/2019,52.2
4/2/2019,21.8
4/3/2019,
4/4/2019,3
4/5/2019,46.3
4/6/2019,46.3
4/7/2019,0
4/8/2019,0
4/9/2019,10.1
4/10/2019,0
4/11/2019,0
4/12/2019,15.6
4/13/2019,0
4/14/2019,0.8
4/15/2019,0
4/16/2019,12.5
4/17/2019,23.6
4/18/2019,30.4
4/19/2019,0
4/20/2019,0
4/21/2019,4.7
4/22/2019,0
4/23/2019,0
4/24/2019,0
4/25/2019,1.5
4/26/2019,0
4/27/2019,0
4/28/2019,0
4/29/2019,17.1
4/30/2019,76.5
5/1/2019,3.2
5/2/2019,0
5/3/2019,6.4
5/4/2019,0
5/5/2019,0
5/6/2019,0
5/7/2019,25.4
5/8/2019,0.7
5/9/2019,
5/10/2019,0
5/11/2019,0
5/12/2019,0
5/13/2019,0
5/14/2019,0
5/15/2019,0
5/16/2019,0
5/17/2019,0
5/18/2019,0
5/19/2019,0
5/20/2019,0
5/21/2019,0
5/22/2019,0
5/23/2019,
5/24/2019,0
5/25/2019,0
5/26/2019,0
5/27/2019,7.8
5/28/2019,
5/29/2019,0
5/30/2019,0
5/31/2019,0
6/1/2019,0
6/2/2019,0
6/3/2019,0
6/4/2019,0
6/5/2019,0
6/6/2019,0
6/7/2019,0
6/8/2019,0
6/9/2019,0
6/10/2019,0
6/11/2019,0
6/12/2019,0
6/13/2019,0
6/14/2019,0.7
6/15/2019,0
6/16/2019,0
6/17/2019,
6/18/2019,0
6/19/2019,0
6/20/2019,0
6/21/2019,0
6/22/2019,0
6/23/2019,0
6/24/2019,0
6/25/2019,0
6/26/2019,0
6/27/2019,0
6/28/2019,0
6/29/2019,0
6/30/2019,0
7/1/2019,0
7/2/2019,0
7/3/2019,0
7/4/2019,0
7/5/2019,1.8
7/6/2019,0
7/7/2019,0
7/8/2019,0
7/9/2019,0
7/10/2019,0
7/11/2019,0
7/12/2019,0
7/13/2019,0
7/14/2019,0
7/15/2019,0
7/16/2019,0
7/17/2019,0
7/18/2019,0
7/19/2019,0
7/20/2019,0
7/21/2019,0
7/22/2019,0
7/23/2019,0
7/24/2019,0
7/25/2019,0
7/26/2019,0
7/27/2019,0
7/28/2019,0
7/29/2019,0
7/30/2019,0
7/31/2019,0
8/1/2019,0
8/2/2019,0
8/3/2019,0
8/4/2019,0
8/5/2019,0
8/6/2019,0
8/7/2019,0
8/8/2019,0
8/9/2019,0
8/10/2019,
8/11/2019,0
8/12/2019,0
8/13/2019,0
8/14/2019,0
8/15/2019,0
8/16/2019,0
8/17/2019,0
8/18/2019,0
8/19/2019,0
8/20/2019,0
8/21/2019,0
8/22/2019,0
8/23/2019,0
8/24/2019,0
8/25/2019,0
8/26/2019,1.3
8/27/2019,0
8/28/2019,0
8/29/2019,0
8/30/2019,0
8/31/2019,0
9/1/2019,0
9/2/2019,0
9/3/2019,0
9/4/2019,0
9/5/2019,0
9/6/2019,0
9/7/2019,0
9/8/2019,0
9/9/2019,0
9/10/2019,0
9/11/2019,0
9/12/2019,0
9/13/2019,0
9/14/2019,0
9/15/2019,0
9/16/2019,0
9/17/2019,0
9/18/2019,0
9/19/2019,0
9/20/2019,0
9/21/2019,0
9/22/2019,0
9/23/2019,0
9/24/2019,0
9/25/2019,0
9/26/2019,0
9/27/2019,0
9/28/2019,0
9/29/2019,0
9/30/2019,0
10/1/2019,0
10/2/2019,0
10/3/2019,0
10/4/2019,0
10/5/2019,0
10/6/2019,0
10/7/2019,0
10/8/2019,0
10/9/2019,0
10/10/2019,0
10/11/2019,0
10/12/2019,0
10/13/2019,0
10/14/2019,0
10/15/2019,0
10/16/2019,0
10/17/2019,0
10/18/2019,0
10/19/2019,0
10/20/2019,0
10/21/2019,0
10/22/2019,0
10/23/2019,0
10/24/2019,0
10/25/2019,0
10/26/2019,0
10/27/2019,0
10/28/2019,0
10/29/2019,2.5
10/30/2019,0
10/31/2019,0
11/1/2019,33
11/2/2019,5.2
11/3/2019,1.6
11/4/2019,1
11/5/2019,0
11/6/2019,0
11/7/2019,0
11/8/2019,0
11/9/2019,0
11/10/2019,0
11/11/2019,0
11/12/2019,0
11/13/2019,1.3
11/14/2019,15
11/15/2019,0
11/16/2019,0
11/17/2019,0
11/18/2019,0
11/19/2019,0
11/20/2019,0
11/21/2019,0
11/22/2019,0
11/23/2019,0
11/24/2019,37.8
11/25/2019,7.2
11/26/2019,0
11/27/2019,0
11/28/2019,0
11/29/2019,0
11/30/2019,34.9
12/1/2019,2
12/2/2019,0
12/3/2019,0
12/4/2019,13
12/5/2019,0
12/6/2019,
12/7/2019,29.4
12/8/2019,14.5
12/9/2019,0
12/10/2019,3.4
12/11/2019,35.7
12/12/2019,12.6
12/13/2019,1.1
12/14/2019,12.8
12/15/2019,55.3
12/16/2019,
12/17/2019,6.2
12/18/2019,15.6
12/19/2019,23
12/20/2019,10.5
12/21/2019,0
12/22/2019,14.5
12/23/2019,13.7
12/24/2019,0
12/25/2019,1.6
12/26/2019,9.2
12/27/2019,0
12/28/2019,48.4
12/29/2019,2.3
12/30/2019,4.5
12/31/2019,8.7
1/1/2020,29.5
1/2/2020,30.9
1/3/2020,13.3
1/4/2020,46.6
1/5/2020,3
1/6/2020,
1/7/2020,29.6
1/8/2020,0
1/9/2020,2.6
1/10/2020,19.1
1/11/2020,9.2
1/12/2020,5.5
1/13/2020,0
1/14/2020,0.7
1/15/2020,0
1/16/2020,18.6
1/17/2020,0.4
1/18/2020,0
1/19/2020,0
1/20/2020,0
1/21/2020,0
1/22/2020,2.2
1/23/2020,6.8
1/24/2020,8.5
1/25/2020,0
1/26/2020,30.8
1/27/2020,0
1/28/2020,8
1/29/2020,3.2
1/30/2020,0
1/31/2020,5.1
2/1/2020,3
2/2/2020,0
2/3/2020,14.8
2/4/2020,1.2
2/5/2020,10.9
2/6/2020,0
2/7/2020,
2/8/2020,8
2/9/2020,0.3
2/10/2020,13.5
2/11/2020,1.4
2/12/2020,9.5
2/13/2020,2.7
2/14/2020,4.7
2/15/2020,77.2
2/16/2020,2
2/17/2020,2.7
2/18/2020,0.4
2/19/2020,12.8
2/20/2020,26.3
2/21/2020,24.5
2/22/2020,27
2/23/2020,0
2/24/2020,0.3
2/25/2020,6.1
2/26/2020,29.8
2/27/2020,7.1
2/28/2020,0
2/29/2020,0
3/1/2020,59.5
3/2/2020,49.6
3/3/2020,24.4
3/4/2020,39.6
3/5/2020,89.8
3/6/2020,2.3
3/7/2020,1
3/8/2020,20.8
3/9/2020,9.6
3/10/2020,16.4
3/11/2020,0
3/12/2020,14.7
3/13/2020,7.5
3/14/2020,0
3/15/2020,0
3/16/2020,1.8
3/17/2020,0
3/18/2020,9.7
3/19/2020,39.6
3/20/2020,39.6
3/21/2020,35
3/22/2020,1.5
3/23/2020,76.4
3/24/2020,
3/25/2020,36.8
3/26/2020,72.3
3/27/2020,0
3/28/2020,1
3/29/2020,28
3/30/2020,4.5
3/31/2020,0
4/1/2020,61.3
4/2/2020,0
4/3/2020,
4/4/2020,29
4/5/2020,3.9
4/6/2020,78.4
4/7/2020,3.8
4/8/2020,2.5
4/9/2020,0.9
4/10/2020,7.2
4/11/2020,25.6
4/12/2020,1.6
4/13/2020,0
4/14/2020,0
4/15/2020,
4/16/2020,
4/17/2020,1
4/18/2020,55
4/19/2020,1.8
4/20/2020,10.4
4/21/2020,
4/22/2020,9.2
4/23/2020,
4/24/2020,13
4/25/2020,
4/26/2020,42.7
4/27/2020,0
4/28/2020,1.5
4/29/2020,3
4/30/2020,0.9
5/1/2020,
5/2/2020,
5/3/2020,0
5/4/2020,0
5/5/2020,0
5/6/2020,0
5/7/2020,
5/8/2020,0
5/9/2020,54.5
5/10/2020,77.5
5/11/2020,
5/12/2020,50.5
5/13/2020,
5/14/2020,0
5/15/2020,0
5/16/2020,0
5/17/2020,
5/18/2020,0
5/19/2020,12.4
5/20/2020,13
5/21/2020,3.7
5/22/2020,0
5/23/2020,
5/24/2020,
5/25/2020,
5/26/2020,
5/27/2020,12.8
5/28/2020,1.5
5/29/2020,12
5/30/2020,2.7
5/31/2020,29.5
6/1/2020,1
6/2/2020,0
6/3/2020,0
6/4/2020,0
6/5/2020,4.5
6/6/2020,0
6/7/2020,1.5
6/8/2020,0
6/9/2020,20.3
6/10/2020,
6/11/2020,0
6/12/2020,
6/13/2020,0
6/14/2020,0
6/15/2020,0
6/16/2020,
6/17/2020,0
6/18/2020,
6/19/2020,0
6/20/2020,0
6/21/2020,0
6/22/2020,14.1
6/23/2020,0
6/24/2020,
6/25/2020,0
6/26/2020,
6/27/2020,0
6/28/2020,0
6/29/2020,
6/30/2020,0
7/1/2020,0
7/2/2020,0
7/3/2020,
7/4/2020,
7/5/2020,
7/6/2020,
7/7/2020,2.8
7/8/2020,0
7/9/2020,0
7/10/2020,0
7/11/2020,
7/12/2020,
7/13/2020,0
7/14/2020,
7/15/2020,0
7/16/2020,
7/17/2020,0
7/18/2020,0
7/19/2020,0
7/20/2020,0
7/21/2020,0
7/22/2020,
7/23/2020,0
7/24/2020,0
7/25/2020,0
7/26/2020,0
7/27/2020,0
7/28/2020,
7/29/2020,0
7/30/2020,
7/31/2020,
8/1/2020,
8/2/2020,0
8/3/2020,0
8/4/2020,0
8/5/2020,
8/6/2020,0
8/7/2020,0
8/8/2020,
8/9/2020,0
8/10/2020,
8/11/2020,0
8/12/2020,11.7
8/13/2020,11.4
8/14/2020,14.4
8/15/2020,
8/16/2020,0
8/17/2020,0.4
8/18/2020,0
8/19/2020,0
8/20/2020,0
8/21/2020,0
8/22/2020,0
8/23/2020,0
8/24/2020,0
8/25/2020,
8/26/2020,0
8/27/2020,
8/28/2020,
8/29/2020,0
8/30/2020,
8/31/2020,0
9/1/2020,0
9/2/2020,0
9/3/2020,
9/4/2020,27.2
9/5/2020,0
9/6/2020,0
9/7/2020,
9/8/2020,0
9/9/2020,
9/10/2020,
9/11/2020,
9/12/2020,0
9/13/2020,0
9/14/2020,
9/15/2020,
9/16/2020,
9/17/2020,
9/18/2020,
9/19/2020,
9/20/2020,
9/21/2020,
9/22/2020,
9/23/2020,
9/24/2020,
9/25/2020,
9/26/2020,
9/27/2020,
9/28/2020,4.2
9/29/2020,0
9/30/2020,
10/1/2020,0
10/2/2020,0
10/3/2020,4.5
10/4/2020,7.5
10/5/2020,6.1
10/6/2020,8
10/7/2020,
10/8/2020,0
10/9/2020,0
10/10/2020,0
10/11/2020,28.4
10/12/2020,1.3
10/13/2020,0
10/14/2020,1.4
10/15/2020,0
10/16/2020,0
10/17/2020,
10/18/2020,0
10/19/2020,2.8
10/20/2020,12.4
10/21/2020,26.5
10/22/2020,0
10/23/2020,
10/24/2020,4.4
10/25/2020,11.2
10/26/2020,65.1
10/27/2020,
10/28/2020,29
10/29/2020,18.1
10/30/2020,
10/31/2020,9.8
11/1/2020,6
11/2/2020,21.2
11/3/2020,1.1
11/4/2020,5.8
11/5/2020,1.8
11/6/2020,3.1
11/7/2020,0
11/8/2020,
11/9/2020,3.7
11/10/2020,0
11/11/2020,
11/12/2020,0
11/13/2020,1
11/14/2020,10.8
11/15/2020,
11/16/2020,13.7
11/17/2020,4.9
11/18/2020,0
11/19/2020,8.6
11/20/2020,75
11/21/2020,1
11/22/2020,
11/23/2020,0
11/24/2020,28.1
11/25/2020,
11/26/2020,6
11/27/2020,0
11/28/2020,0
11/29/2020,30.7
11/30/2020,12.4
12/1/2020,0
12/2/2020,14.9
12/3/2020,9.1
12/4/2020,13.1
12/5/2020,0
12/6/2020,12.6
12/7/2020,1
12/8/2020,7.5
12/9/2020,
12/10/2020,
12/11/2020,20.2
12/12/2020,88.7
12/13/2020,2.5
12/14/2020,230.5
12/15/2020,0.2
12/16/2020,0
12/17/2020,0.3
12/18/2020,50.6
12/19/2020,11.2
12/20/2020,
12/21/2020,0
12/22/2020,0
12/23/2020,0
12/24/2020,0
12/25/2020,0
12/26/2020,7.6
12/27/2020,19.2
12/28/2020,4.1
12/29/2020,0.5
12/30/2020,14.6
12/31/2020,44.1
1/1/2021,
1/2/2021,12.5
1/3/2021,0
1/4/2021,0
1/5/2021,0
1/6/2021,21.4
1/7/2021,3
1/8/2021,17.6
1/9/2021,8
1/10/2021,18.6
1/11/2021,13.3
1/12/2021,9.1
1/13/2021,62.9
1/14/2021,60.1
1/15/2021,0
1/16/2021,0
1/17/2021,0
1/18/2021,1
1/19/2021,22.1
1/20/2021,3.5
1/21/2021,22
1/22/2021,2.6
1/23/2021,0
1/24/2021,
1/25/2021,5.5
1/26/2021,1.5
1/27/2021,40.5
1/28/2021,9.7
1/29/2021,3
1/30/2021,14.9
1/31/2021,0
2/1/2021,20.8
2/2/2021,47.2
2/3/2021,14.3
2/4/2021,16.7
2/5/2021,27.8
2/6/2021,0.9
2/7/2021,0
2/8/2021,8.2
2/9/2021,9.2
2/10/2021,14.7
2/11/2021,6.7
2/12/2021,0
2/13/2021,23.8
2/14/2021,1.6
2/15/2021,8.5
2/16/2021,13
2/17/2021,0.6
2/18/2021,3.9
2/19/2021,0.4
2/20/2021,4.1
2/21/2021,1
2/22/2021,1
2/23/2021,0
2/24/2021,14.4
2/25/2021,0
2/26/2021,4.9
2/27/2021,22.7
2/28/2021,9.7
3/1/2021,
3/2/2021,0
3/3/2021,0
3/4/2021,26.8
3/5/2021,0
3/6/2021,0
3/7/2021,17.5
3/8/2021,2.7
3/9/2021,5.6
3/10/2021,39
3/11/2021,6
3/12/2021,30.4
3/13/2021,2
3/14/2021,0
3/15/2021,5.7
3/16/2021,3.2
3/17/2021,1.4
3/18/2021,33.7
3/19/2021,41.7
3/20/2021,
3/21/2021,
3/22/2021,
3/23/2021,
3/24/2021,0
3/25/2021,3.5
3/26/2021,0.8
3/27/2021,0
3/28/2021,2.7
3/29/2021,
3/30/2021,13.8
3/31/2021,9.4
4/1/2021,0.5
4/2/2021,30.3
4/3/2021,0
4/4/2021,13.4
4/5/2021,46.2
4/6/2021,14.6
4/7/2021,55.5
4/8/2021,0.7
4/9/2021,0
4/10/2021,1.5
4/11/2021,13.8
4/12/2021,19.8
4/13/2021,9.5
4/14/2021,0
4/15/2021,2
4/16/2021,7.4
4/17/2021,1.3
4/18/2021,0
4/19/2021,15
4/20/2021,0
4/21/2021,0
4/22/2021,
4/23/2021,0
4/24/2021,0
4/25/2021,
4/26/2021,0
4/27/2021,0
4/28/2021,4.5
4/29/2021,
4/30/2021,0
5/1/2021,0
5/2/2021,0
5/3/2021,0.1
5/4/2021,0
5/5/2021,12
5/6/2021,0
5/7/2021,0
5/8/2021,2.3
5/9/2021,0
5/10/2021,0
5/11/2021,0
5/12/2021,0
5/13/2021,0
5/14/2021,0
5/15/2021,6.5
5/16/2021,0
5/17/2021,0
5/18/2021,0.9
5/19/2021,0
5/20/2021,0
5/21/2021,0
5/22/2021,0
5/23/2021,24.9
5/24/2021,0
5/25/2021,9
5/26/2021,
5/27/2021,0
5/28/2021,
5/29/2021,0
5/30/2021,4.4
5/31/2021,0
6/1/2021,0
6/2/2021,0
6/3/2021,
6/4/2021,0
6/5/2021,0
6/6/2021,0
6/7/2021,0
6/8/2021,
6/9/2021,0
6/10/2021,15.2
6/11/2021,8.9
6/12/2021,10.7
6/13/2021,0
6/14/2021,0
6/15/2021,0
6/16/2021,2.7
6/17/2021,84.8
6/18/2021,0
6/19/2021,2.7
6/20/2021,9.1
6/21/2021,0
6/22/2021,26.2
6/23/2021,24.4
6/24/2021,0.3
6/25/2021,1
6/26/2021,0
6/27/2021,0.4
6/28/2021,1.3
6/29/2021,16
6/30/2021,5.4
7/1/2021,6.2
7/2/2021,0
7/3/2021,0
7/4/2021,0
7/5/2021,0
7/6/2021,0
7/7/2021,0
7/8/2021,0
7/9/2021,2.6
7/10/2021,0
7/11/2021,
7/12/2021,0
7/13/2021,0
7/14/2021,0
7/15/2021,0
7/16/2021,0
7/17/2021,0
7/18/2021,
7/19/2021,0
7/20/2021,0
7/21/2021,0
7/22/2021,0
7/23/2021,0
7/24/2021,0
7/25/2021,0
7/26/2021,0
7/27/2021,0
7/28/2021,0
7/29/2021,0
7/30/2021,0
7/31/2021,0
8/1/2021,
8/2/2021,0.7
8/3/2021,1.5
8/4/2021,1.5
8/5/2021,8.2
8/6/2021,0
8/7/2021,0
8/8/2021,0
8/9/2021,0
8/10/2021,0
8/11/2021,0
8/12/2021,0
8/13/2021,2.6
8/14/2021,1.1
8/15/2021,17.5
8/16/2021,0
8/17/2021,0
8/18/2021,0
8/19/2021,
8/20/2021,
8/21/2021,0
8/22/2021,0.8
8/23/2021,0
8/24/2021,
8/25/2021,0
8/26/2021,0
8/27/2021,0
8/28/2021,
8/29/2021,
8/30/2021,0
8/31/2021,0
9/1/2021,0
9/2/2021,0
9/3/2021,0
9/4/2021,0
9/5/2021,0
9/6/2021,0
9/7/2021,0
9/8/2021,0
9/9/2021,0
9/10/2021,0
9/11/2021,8.2
9/12/2021,13.8
9/13/2021,19.7
9/14/2021,
9/15/2021,14.2
9/16/2021,8.8
9/17/2021,0
9/18/2021,0
9/19/2021,0
9/20/2021,0
9/21/2021,
9/22/2021,12.3
9/23/2021,1.2
9/24/2021,0
9/25/2021,25.5
9/26/2021,0.5
9/27/2021,28.8
9/28/2021,0.6
9/29/2021,0
9/30/2021,
10/1/2021,0
10/2/2021,0
10/3/2021,0
10/4/2021,0
10/5/2021,
10/6/2021,2
10/7/2021,0
10/8/2021,0
10/9/2021,0
10/10/2021,0
10/11/2021,0
10/12/2021,0
10/13/2021,0
10/14/2021,0
10/15/2021,0
10/16/2021,0
10/17/2021,0
10/18/2021,0
10/19/2021,25.5
10/20/2021,3.1
10/21/2021,0
10/22/2021,60.7
10/23/2021,9.5
10/24/2021,0
10/25/2021,0
10/26/2021,
10/27/2021,8
10/28/2021,
10/29/2021,15.6
10/30/2021,19.7
10/31/2021,1.6
11/1/2021,36.8
11/2/2021,1
11/3/2021,12.4
11/4/2021,14.4
11/5/2021,7.4
11/6/2021,2
11/7/2021,8
11/8/2021,19.2
11/9/2021,1.6
11/10/2021,13.1
11/11/2021,45.8
11/12/2021,14.9
11/13/2021,43.2
11/14/2021,4.4
11/15/2021,2.5
11/16/2021,3.4
11/17/2021,36.3
11/18/2021,7.6
11/19/2021,11.8
11/20/2021,9.1
11/21/2021,0.2
11/22/2021,1.6
11/23/2021,15.9
11/24/2021,2.5
11/25/2021,
11/26/2021,2.5
11/27/2021,21
11/28/2021,3.7
11/29/2021,2.5
11/30/2021,0
12/1/2021,0
12/2/2021,0
12/3/2021,1
12/4/2021,1.2
12/5/2021,1.1
12/6/2021,2.7
12/7/2021,17.3
12/8/2021,5.7
12/9/2021,3
12/10/2021,0.2
12/11/2021,3.8
12/12/2021,26.4
12/13/2021,1
12/14/2021,
12/15/2021,3
12/16/2021,1.6
12/17/2021,6.9
12/18/2021,9.9
12/19/2021,64.2
12/20/2021,30.8
12/21/2021,44.4
12/22/2021,0
12/23/2021,0.9
12/24/2021,42.3
12/25/2021,70.1
12/26/2021,0
12/27/2021,0.6
12/28/2021,24.1
12/29/2021,47
12/30/2021,0.7
12/31/2021,0
1/1/2022,0
1/2/2022,31.5
1/3/2022,0
1/4/2022,0
1/5/2022,0
1/6/2022,0
1/7/2022,0
1/8/2022,4.5
1/9/2022,6.8
1/10/2022,15.2
1/11/2022,13.5
1/12/2022,19.7
1/13/2022,52.8
1/14/2022,2.4
1/15/2022,0
1/16/2022,0
1/17/2022,0
1/18/2022,9.7
1/19/2022,2.8
1/20/2022,11
1/21/2022,19.4
1/22/2022,0.6
1/23/2022,5.4
1/24/2022,0.9
1/25/2022,0
1/26/2022,1.5
1/27/2022,39.6
1/28/2022,6
1/29/2022,0.2
1/30/2022,0.5
1/31/2022,10.5
2/1/2022,0
2/2/2022,0
2/3/2022,3
2/4/2022,59.1
2/5/2022,33
2/6/2022,2.9
2/7/2022,26.7
2/8/2022,0.4
2/9/2022,0
2/10/2022,0
2/11/2022,65.8
2/12/2022,10.5
2/13/2022,
2/14/2022,97.6
2/15/2022,41.4
2/16/2022,6.9
2/17/2022,26.8
2/18/2022,
2/19/2022,
2/20/2022,0
2/21/2022,0
2/22/2022,0
2/23/2022,
2/24/2022,0
2/25/2022,0
2/26/2022,1.8
2/27/2022,19.7
2/28/2022,0.8
3/1/2022,0.7
3/2/2022,1
3/3/2022,59.8
3/4/2022,3.6
3/5/2022,0
3/6/2022,0.4
3/7/2022,2
3/8/2022,1.2
3/9/2022,4.2
3/10/2022,0
3/11/2022,14
3/12/2022,8.6
3/13/2022,10.8
3/14/2022,2.4
3/15/2022,6.6
3/16/2022,5.5
3/17/2022,43.8
3/18/2022,0
3/19/2022,7.8
3/20/2022,9.8
3/21/2022,2
3/22/2022,0
3/23/2022,
3/24/2022,4.5
3/25/2022,12.1
3/26/2022,
3/27/2022,1.2
3/28/2022,0
3/29/2022,52.6
3/30/2022,0
3/31/2022,45.4
4/1/2022,10.5
4/2/2022,46.3
4/3/2022,43
4/4/2022,24.5
4/5/2022,3.7
4/6/2022,15
4/7/2022,0.8
4/8/2022,3.1
4/9/2022,0
4/10/2022,0
4/11/2022,22.3
4/12/2022,0.8
4/13/2022,2.3
4/14/2022,1.3
4/15/2022,2
4/16/2022,0
4/17/2022,6.2
4/18/2022,6
4/19/2022,11.3
4/20/2022,5.3
4/21/2022,25.2
4/22/2022,1.8
4/23/2022,0
4/24/2022,17.4
4/25/2022,14.2
4/26/2022,0
4/27/2022,3.3
4/28/2022,
4/29/2022,0
4/30/2022,0
5/1/2022,0
5/2/2022,0
5/3/2022,0
5/4/2022,2.5
5/5/2022,6.5
5/6/2022,0
5/7/2022,69
5/8/2022,12
5/9/2022,2.5
5/10/2022,24.5
5/11/2022,0
5/12/2022,0.7
5/13/2022,0
5/14/2022,1.3
5/15/2022,2.4
5/16/2022,0.3
5/17/2022,0
5/18/2022,0
5/19/2022,3.9
5/20/2022,21.3
5/21/2022,7.2
5/22/2022,4
5/23/2022,
5/24/2022,0
5/25/2022,13.8
5/26/2022,21.8
5/27/2022,35.5
5/28/2022,0
5/29/2022,0
5/30/2022,
5/31/2022,2.4
6/1/2022,47.3
6/2/2022,0
6/3/2022,4
6/4/2022,0
6/5/2022,5
6/6/2022,1
6/7/2022,8.2
6/8/2022,
6/9/2022,58.5
6/10/2022,0
6/11/2022,0
6/12/2022,36.3
6/13/2022,
6/14/2022,69.5
6/15/2022,0.8
6/16/2022,0
6/17/2022,11.5
6/18/2022,13.8
6/19/2022,6
6/20/2022,0.4
6/21/2022,0
6/22/2022,0
6/23/2022,0
6/24/2022,0
6/25/2022,0
6/26/2022,0
6/27/2022,5.8
6/28/2022,0
6/29/2022,0
6/30/2022,0
7/1/2022,0
7/2/2022,
7/3/2022,7.7
7/4/2022,0.7
7/5/2022,
7/6/2022,0
7/7/2022,2.2
7/8/2022,0
7/9/2022,0
7/10/2022,0
7/11/2022,0
7/12/2022,81.1
7/13/2022,0
7/14/2022,8.5
7/15/2022,0
7/16/2022,0.4
7/17/2022,0
7/18/2022,0
7/19/2022,0
7/20/2022,0
7/21/2022,0
7/22/2022,0
7/23/2022,0
7/24/2022,0
7/25/2022,0
7/26/2022,0
7/27/2022,0
7/28/2022,0
7/29/2022,
7/30/2022,0
7/31/2022,0
8/1/2022,0
8/2/2022,
8/3/2022,
8/4/2022,
8/5/2022,0
8/6/2022,0
8/7/2022,3.1
8/8/2022,0.2
8/9/2022,0
8/10/2022,
8/11/2022,0
8/12/2022,2.9
8/13/2022,5.4
8/14/2022,4.2
8/15/2022,7
8/16/2022,7
8/17/2022,5.9
8/18/2022,0
8/19/2022,
8/20/2022,
8/21/2022,0
8/22/2022,0
8/23/2022,0
8/24/2022,
8/25/2022,0
8/26/2022,
8/27/2022,0
8/28/2022,0.6
8/29/2022,0
8/30/2022,
8/31/2022,
9/1/2022,10.2
9/2/2022,0
9/3/2022,0.8
9/4/2022,0
9/5/2022,0
9/6/2022,0
9/7/2022,0
9/8/2022,28.3
9/9/2022,17.6
9/10/2022,6.9
9/11/2022,29.3
9/12/2022,0
9/13/2022,
9/14/2022,0
9/15/2022,0
9/16/2022,0
9/17/2022,0.4
9/18/2022,0
9/19/2022,0
9/20/2022,0
9/21/2022,
9/22/2022,0.3
9/23/2022,0
9/24/2022,14.2
9/25/2022,
9/26/2022,0
9/27/2022,0.3
9/28/2022,
9/29/2022,3.8
9/30/2022,0
10/1/2022,20.7
10/2/2022,27.1
10/3/2022,7.3
10/4/2022,64.7
10/5/2022,0
10/6/2022,4.9
10/7/2022,0.9
10/8/2022,16.6
10/9/2022,13.2
10/10/2022,18.5
10/11/2022,2.8
10/12/2022,35.5
10/13/2022,2.2
10/14/2022,16.9
10/15/2022,0.7
10/16/2022,
10/17/2022,8.5
10/18/2022,58
10/19/2022,13.9
10/20/2022,25.8
10/21/2022,11.1
10/22/2022,13.2
10/23/2022,0
10/24/2022,0
10/25/2022,2.5
10/26/2022,24.4
10/27/2022,14.5
10/28/2022,0
10/29/2022,0
10/30/2022,0
10/31/2022,
11/1/2022,0
11/2/2022,8.3
11/3/2022,3.4
11/4/2022,9.1
11/5/2022,2.9
11/6/2022,8.7
11/7/2022,38.3
11/8/2022,29.7
11/9/2022,30.5
11/10/2022,32.6
11/11/2022,0.5
11/12/2022,0
11/13/2022,60.2
11/14/2022,25
11/15/2022,41.6
11/16/2022,8
11/17/2022,7
11/18/2022,18.5
11/19/2022,49
11/20/2022,0.3
11/21/2022,0.9
11/22/2022,2.9
11/23/2022,1
11/24/2022,10.6
11/25/2022,4
11/26/2022,1.2
11/27/2022,4.5
11/28/2022,3.8
11/29/2022,0
11/30/2022,11.4
12/1/2022,7
12/2/2022,0
12/3/2022,2
12/4/2022,0.3
12/5/2022,12.7
12/6/2022,52.5
12/7/2022,16.4
12/8/2022,9
12/9/2022,0
12/10/2022,1
12/11/2022,0
12/12/2022,37.7
12/13/2022,
12/14/2022,3.7
12/15/2022,12.2
12/16/2022,20.9
12/17/2022,1
12/18/2022,1.9
12/19/2022,0
12/20/2022,1.6
12/21/2022,0
12/22/2022,5.5
12/23/2022,33.3
12/24/2022,37.5
12/25/2022,19.5
12/26/2022,8.6
12/27/2022,46
12/28/2022,3.4
12/29/2022,40.7
12/30/2022,1.8
12/31/2022,0
1/1/2023,0.8
1/2/2023,0
1/3/2023,2
1/4/2023,
1/5/2023,20.6
1/6/2023,20.1
1/7/2023,5.1
1/8/2023,14.5
1/9/2023,1.6
1/10/2023,0
1/11/2023,3.7
1/12/2023,0
1/13/2023,0
1/14/2023,0
1/15/2023,4.3
1/16/2023,12
1/17/2023,3
1/18/2023,1.7
1/19/2023,1.7
1/20/2023,62.9
1/21/2023,7.4
1/22/2023,0
1/23/2023,1.4
1/24/2023,0
1/25/2023,
1/26/2023,16.5
1/27/2023,33.4
1/28/2023,0.2
1/29/2023,37.6
1/30/2023,45.9
1/31/2023,1.3
2/1/2023,3.4
2/2/2023,8.9
2/3/2023,21.3
2/4/2023,0
2/5/2023,8.6
2/6/2023,0
2/7/2023,0
2/8/2023,54.6
2/9/2023,15.6
2/10/2023,3.5
2/11/2023,7
2/12/2023,10.9
2/13/2023,33.5
2/14/2023,43.5
2/15/2023,40.8
2/16/2023,16.6
2/17/2023,22.8
2/18/2023,3.8
2/19/2023,
2/20/2023,0.3
2/21/2023,2
2/22/2023,1.5
2/23/2023,11.1
2/24/2023,9.6
2/25/2023,4.9
2/26/2023,4
2/27/2023,32.9
2/28/2023,0
3/1/2023,6.6
3/2/2023,39.3
3/3/2023,12.4
3/4/2023,4
3/5/2023,0
3/6/2023,1.1
3/7/2023,0
3/8/2023,0
3/9/2023,0
3/10/2023,3.4
3/11/2023,0
3/12/2023,0
3/13/2023,
3/14/2023,3
3/15/2023,0
3/16/2023,0
3/17/2023,0
3/18/2023,76
3/19/2023,
3/20/2023,6.3
3/21/2023,8
3/22/2023,0
3/23/2023,1.1
3/24/2023,0
3/25/2023,0
3/26/2023,51.9
3/27/2023,45
3/28/2023,0
3/29/2023,0
3/30/2023,13.4
3/31/2023,2.2
4/1/2023,0
4/2/2023,13.3
4/3/2023,1.5
4/4/2023,3.7
4/5/2023,0.4
4/6/2023,0
4/7/2023,
4/8/2023,0
4/9/2023,0
4/10/2023,10
4/11/2023,1.6
4/12/2023,
4/13/2023,7
4/14/2023,0.2
4/15/2023,0.3
4/16/2023,
4/17/2023,
4/18/2023,
4/19/2023,0.2
4/20/2023,0
4/21/2023,
4/22/2023,19.2
4/23/2023,0.2
4/24/2023,72.9
4/25/2023,46.5
4/26/2023,4.5
4/27/2023,24.9
4/28/2023,6.7
4/29/2023,2.7
4/30/2023,6.3
5/1/2023,0.2
5/2/2023,16.7
5/3/2023,
5/4/2023,
5/5/2023,64.8
5/6/2023,3.5
5/7/2023,8.3
5/8/2023,4.1
5/9/2023,0.2
5/10/2023,0
5/11/2023,0.4
5/12/2023,2.8
5/13/2023,
5/14/2023,0
5/15/2023,
5/16/2023,
5/17/2023,
5/18/2023,0
5/19/2023,0
5/20/2023,0
5/21/2023,0
5/22/2023,0
5/23/2023,0.2
5/24/2023,
5/25/2023,0
5/26/2023,
5/27/2023,
5/28/2023,0
5/29/2023,0
5/30/2023,
5/31/2023,0
6/1/2023,0
6/2/2023,
6/3/2023,
6/4/2023,
6/5/2023,0
6/6/2023,0
6/7/2023,
6/8/2023,0
6/9/2023,
6/10/2023,0
6/11/2023,0
6/12/2023,0
6/13/2023,0
6/14/2023,0
6/15/2023,0
6/16/2023,0
6/17/2023,
6/18/2023,
6/19/2023,0
6/20/2023,
6/21/2023,0
6/22/2023,
6/23/2023,0
6/24/2023,
6/25/2023,0.4
6/26/2023,0
6/27/2023,
6/28/2023,0.2
6/29/2023,0.8
6/30/2023,0.7
7/1/2023,3.4
7/2/2023,0
7/3/2023,
7/4/2023,0.7
7/5/2023,
7/6/2023,5.8
7/7/2023,2.8
7/8/2023,0.7
7/9/2023,14.7
7/10/2023,0
7/11/2023,
7/12/2023,
7/13/2023,
7/14/2023,1.8
7/15/2023,1.3
7/16/2023,0
7/17/2023,0
7/18/2023,0
7/19/2023,0
7/20/2023,0
7/21/2023,0
7/22/2023,0
7/23/2023,0
7/24/2023,0
7/25/2023,0
7/26/2023,0
7/27/2023,0.2
7/28/2023,0
7/29/2023,0
7/30/2023,0
7/31/2023,0
8/1/2023,0
8/2/2023,0
8/3/2023,
8/4/2023,0
8/5/2023,0
8/6/2023,0
8/7/2023,0
8/8/2023,0
8/9/2023,
8/10/2023,0
8/11/2023,0.2
8/12/2023,0.4
8/13/2023,0
8/14/2023,0
8/15/2023,0
8/16/2023,0.2
8/17/2023,0.2
8/18/2023,3.2
8/19/2023,0
8/20/2023,0
8/21/2023,
8/22/2023,
8/23/2023,0
8/24/2023,
8/25/2023,0
8/26/2023,0
8/27/2023,0
8/28/2023,0
8/29/2023,
8/30/2023,0
8/31/2023,0
9/1/2023,0
9/2/2023,0
9/3/2023,
9/4/2023,0.2
9/5/2023,0
9/6/2023,
9/7/2023,0
9/8/2023,0
9/9/2023,0
9/10/2023,0
9/11/2023,0.7
9/12/2023,0
9/13/2023,0
9/14/2023,0
9/15/2023,0
9/16/2023,0
9/17/2023,0
9/18/2023,0
9/19/2023,0
9/20/2023,0
9/21/2023,0
9/22/2023,0
9/23/2023,0
9/24/2023,0
9/25/2023,0
9/26/2023,0
9/27/2023,0
9/28/2023,0
9/29/2023,0
9/30/2023,
10/1/2023,0
10/2/2023,0
10/3/2023,
10/4/2023,0
10/5/2023,0
10/6/2023,0
10/7/2023,0
10/8/2023,0
10/9/2023,0
10/10/2023,
10/11/2023,0
10/12/2023,0
10/13/2023,0
10/14/2023,0
10/15/2023,0
10/16/2023,0
10/17/2023,0
10/18/2023,0
10/19/2023,
10/20/2023,0
10/21/2023,0
10/22/2023,0
10/23/2023,0
10/24/2023,0
10/25/2023,0
10/26/2023,0
10/27/2023,0
10/28/2023,0
10/29/2023,0
10/30/2023,0
10/31/2023,0
11/1/2023,0
11/2/2023,0
11/3/2023,0
11/4/2023,0
11/5/2023,0.9
11/6/2023,0.8
11/7/2023,2
11/8/2023,0
11/9/2023,0.6
11/10/2023,0
11/11/2023,0
11/12/2023,11
11/13/2023,125.3
11/14/2023,0.5
11/15/2023,2
11/16/2023,35.8
11/17/2023,0
11/18/2023,0
11/19/2023,0
11/20/2023,0
11/21/2023,1.7
11/22/2023,
11/23/2023,0
11/24/2023,0
11/25/2023,24.9
11/26/2023,3
11/27/2023,0
11/28/2023,7.5
11/29/2023,1.5
11/30/2023,
12/1/2023,5.6
12/2/2023,37.6
12/3/2023,0
12/4/2023,12.3
12/5/2023,27.3
12/6/2023,
12/7/2023,0
12/8/2023,0
12/9/2023,0
12/10/2023,
12/11/2023,25
12/12/2023,0
12/13/2023,0
12/14/2023,0
12/15/2023,0
12/16/2023,0
12/17/2023,0
12/18/2023,0
12/19/2023,0
12/20/2023,0
12/21/2023,0
12/22/2023,0
12/23/2023,0
12/24/2023,0
12/25/2023,0
12/26/2023,0
12/27/2023,0
12/28/2023,2
12/29/2023,43.6
12/30/2023,0.6
12/31/2023,49.5
